peak_id,peak_name,elevation_ft,summit_lat,summit_lon,nearest_city,trailhead_name,trailhead_lat,trailhead_lon
1,Wulsten Baldy,12766,38.2458876,-105.7390608,,,,
2,Flattop Mountain,12106,40.8046876,-106.6353691,,,,
3,Mount Zirkel,12011,40.831234,-106.6632231,,,,
4,Big Agnes Mountain,11857,40.8302381,-106.6924559,,,,
5,Lost Ranger Peak,11890,40.6904091,-106.6723388,,,,
6,Mount Ethel,11900,40.6480401,-106.6801592,,,,
7,Parkview Mountain,12195,40.3301241,-106.1361882,,,,
8,Lost Lakes Peaks,11860,40.0514809,-107.2261661,,,,
9,Orno Peak,12047,40.0821992,-107.0969209,,,,
10,Flat Top Mountain,12320,40.0146181,-107.0832447,,,,
11,Big Marvine Peak,11841,39.9503698,-107.3406858,,,,
12,W Mountain,11883,39.8741445,-107.1372631,,,,
13,Dome Peak,12162,39.9896686,-107.0488232,,,,
14,Mount Sopris,12923,39.2630494,-107.1758228,,,,
15,Capitol Peak,14138,39.1501588,-107.0827488,,,,
16,Clark Peak,13435,39.1522363,-107.0611245,,,,
17,Mount Daly,13182,39.1721027,-107.0686259,,,,
18,Haystack Mountain,12182,39.1940517,-107.0654629,,,,
19,Chair Mountain,12602,39.0579044,-107.2820262,,,,
20,Ragged Peak,12484,39.036516,-107.2817257,,,,
21,Mount Daly,12333,39.1033521,-107.1502013,,,,
22,Ragged Mountain,12018,39.0203445,-107.2355301,,,,
23,Whitehouse Mountain,11834,39.0513717,-107.1542044,,,,
24,Snowmass Peak,13389,39.1109983,-107.0559489,,,,
25,Hagerman Peak,13665,39.1118211,-107.0600384,,,,
26,Snowmass Mountain,14105,39.1186541,-107.0664035,,,,
27,Mount Richey,12349,39.1174648,-107.1210184,,,,
28,Meadow Mountain,12694,39.1000652,-107.1009143,,,,
29,Arkansas Mountain,11804,39.0844046,-107.1114044,,,,
30,Bear Mountain,12162,39.0350779,-107.1116392,,,,
31,Treasury Mountain,13107,39.0142783,-107.0989662,,,,
32,Crystal Peak,12477,39.0358445,-107.087899,,,,
33,Galena Mountain,12480,39.0224949,-107.0764896,,,,
34,Mount Bellview,12441,39.0161286,-107.0165305,,,,
35,Dora Mountain,12254,39.7833139,-106.3023046,,,,
36,Mount Powell,13481,39.7599022,-106.3406507,,,,
37,Eagles Nest,13264,39.7754463,-106.3503379,,,,
38,Old Baldy,11804,39.7587205,-106.0189591,,,,
39,Ute Peak,12234,39.7855162,-106.0771446,,,,
40,Bald Mountain,12090,39.6782633,-106.3298245,,,,
41,Red Peak,13097,39.6364843,-106.1710179,,,,
42,Keller Mountain,12963,39.690062,-106.23149,,,,
43,Ptarmigan Peak,12461,39.6910116,-106.026376,,,,
44,Red Table Mountain,12011,39.4181405,-106.771035,,,,
45,Grouse Mountain,12759,39.5173865,-106.5087177,,,,
46,Shrine Mountain,11847,39.5350427,-106.2595673,,,,
47,Uneva Peak,12441,39.5570533,-106.195996,,,,
48,Buffalo Mountain,12657,39.6167293,-106.1427478,,,,
49,Tenmile Peak,12769,39.5359624,-106.1210577,,,,
50,Peak Three,12470,39.5284791,-106.1199465,,,,
51,Peak Four,12799,39.5216433,-106.1212913,,,,
52,Peak Five,12835,39.5146197,-106.1164414,,,,
53,Peak One,12707,39.5430027,-106.1199036,,,,
54,Little Cone,11880,37.9275883,-108.0910025,,,,
55,Groundhog Mountain,12014,37.8348683,-108.2173494,,,,
56,Dunn Peak,12530,37.8471654,-108.1256414,,,,
57,Dolores Peak,13136,37.8402652,-108.0963662,,,,
58,El Diente Peak,13898,37.8394323,-108.0053368,,,,
59,Johnny Bull Mountain,11946,37.7195162,-108.0902786,,,,
60,Calico Peak,11870,37.7102665,-108.0901703,,,,
61,Eagle Peak,11991,37.7061907,-108.1018589,,,,
62,Papoose Peak,11850,37.7436845,-108.060511,,,,
63,Elliott Mountain,12254,37.7343143,-108.057968,,,,
64,Sockrider Peak,12201,37.7253915,-108.0660466,,,,
65,Telescope Mountain,12119,37.7165201,-108.0060442,,,,
66,Storm Peak,11978,37.6870012,-108.0878205,,,,
67,Anchor Mountain,12254,37.6963777,-108.0808972,,,,
68,Expectation Mountain,12024,37.6941557,-108.0684826,,,,
69,Dolores Mountain,11982,37.6833228,-108.0058943,,,,
70,North Rawah Peak,12382,40.676247,-105.9668191,,,,
71,South Rawah Peak,12615,40.6591238,-105.9557293,,,,
72,Clark Peak,12927,40.6066574,-105.9299169,,,,
73,Iron Mountain,12123,40.5068229,-105.8522458,,,,
74,Fall Mountain,12080,40.5284082,-105.661446,,,,
75,Comanche Peak,12641,40.5481465,-105.6768315,,,,
76,Skull Point,12070,40.5137835,-105.6312326,,,,
77,Stormy Peaks,12073,40.5197481,-105.5867196,,,,
78,Sugarloaf Mountain,12175,40.5166432,-105.6172133,,,,
79,Farview Mountain,12182,40.3778206,-105.9472695,,,,
80,Parika Peak,12306,40.385059,-105.9466495,,,,
81,Mount Cindy,12018,40.4182776,-105.9403246,,,,
82,Static Peak,12267,40.476578,-105.8917338,,,,
83,Mount Richthofen,12769,40.46947,-105.8943163,,,,
84,Tepee Mountain,12224,40.4634732,-105.8983352,,,,
85,Lead Mountain,12385,40.4486043,-105.8970537,,,,
86,Mount Cirrus,12710,40.4346827,-105.9019049,,,,
87,Howard Mountain,12743,40.4270521,-105.8988921,,,,
88,Mount Cumulus,12677,40.4103366,-105.9022687,,,,
89,Mount Stratus,12392,40.3902062,-105.903529,,,,
90,Mount Nimbus,12612,40.3967585,-105.9040416,,,,
91,Green Knoll,12215,40.3861212,-105.8967977,,,,
92,Lulu Mountain,12119,40.4801235,-105.8625004,,,,
93,Thunder Mountain,11998,40.486202,-105.8548951,,,,
94,Mount Dunraven,12536,40.4890456,-105.6080035,,,,
95,Sundance Mountain,12438,40.4083108,-105.7105512,,,,
96,Mount Chapin,12411,40.4335592,-105.7018123,,,,
97,Marmot Point,11883,40.4422161,-105.7366632,,,,
98,Mount Chiquita,13022,40.4437682,-105.6891195,,,,
99,Ypsilon Mountain,13468,40.4571828,-105.6812555,,,,
100,Fairchild Mountain,13465,40.4685062,-105.6643317,,,,
101,Desolation Peaks,12825,40.472232,-105.6915459,,,,
102,Flatiron Mountain,12254,40.4844218,-105.7111076,,,,
103,Hagues Peak,13491,40.484691,-105.6457914,,,,
104,Rowe Mountain,13140,40.4966435,-105.6483259,,,,
105,Bowen Mountain,12379,40.3604515,-105.9334242,,,,
106,Ruby Mountain,11929,40.3548305,-105.955583,,,,
107,Cascade Mountain,12198,40.3372947,-105.9600288,,,,
108,Nakai Peak,12156,40.3434885,-105.7758546,,,,
109,Mount Ida,12812,40.3717999,-105.7793586,,,,
110,Cracktop,12733,40.3658112,-105.7666649,,,,
111,Mount Julian,12815,40.3710889,-105.7574978,,,,
112,Stones Peak,12881,40.3543079,-105.7204233,,,,
113,Gabletop Mountain,11841,40.3328051,-105.7008721,,,,
114,Notchtop Mountain,11909,40.3192989,-105.6954287,,,,
115,The Sharkstooth,11985,40.2809016,-105.6744513,,,,
116,Arrowhead,12464,40.2684098,-105.6504328,,,,
117,Sprague Mountain,12687,40.3465956,-105.7364074,,,,
118,Knobtop Mountain,12231,40.3244225,-105.7019404,,,,
119,Ptarmigan Point,12254,40.313091,-105.7025519,,,,
120,Hallett Peak,12602,40.3028369,-105.6858275,,,,
121,Otis Peak,12441,40.2920367,-105.6808297,,,,
122,Powell Peak,13136,40.2657707,-105.6646741,,,,
123,McHenrys Peak,13094,40.2629199,-105.6573871,,,,
124,The Spearhead,12310,40.2550433,-105.6382853,,,,
125,Ptarmigan Mountain,12169,40.2568575,-105.7297197,,,,
126,Mount Lady Washington,13186,40.2634916,-105.6072147,,,,
127,Battle Mountain,12100,40.275267,-105.6048032,,,,
128,Twin Peaks,11903,40.1644237,-105.7524977,,,,
129,Cooper Peak,12188,40.1504517,-105.673093,,,,
130,Hiamovi Mountain,12185,40.1583608,-105.695979,,,,
131,Watanga Mountain,12238,40.1685575,-105.7136944,,,,
132,Ogalalla Peak,12963,40.1699945,-105.6668864,,,,
133,Andrews Peak,12497,40.2440483,-105.7100395,,,,
134,Mount Alice,13196,40.2395383,-105.6646585,,,,
135,Pilot Mountain,12070,40.2314985,-105.658891,,,,
136,The Cleaver,12014,40.2172828,-105.6711705,,,,
137,Isolation Peak,13009,40.202347,-105.6777108,,,,
138,Mount Craig,11982,40.2191455,-105.7283305,,,,
139,Mount Adams,12080,40.1839628,-105.7329414,,,,
140,Mahana Peak,12480,40.1993422,-105.6667245,,,,
141,Saint Vrain Mountain,12116,40.1611721,-105.5857614,,,,
142,Mount Meeker,13717,40.2484911,-105.6049924,,,,
143,Mount Neva,12756,40.0069906,-105.688349,,,,
144,North Arapaho Peak,13474,40.0265977,-105.6506581,,,,
145,Arikaree Peak,12871,40.0466647,-105.6384548,,,,
146,Navajo Peak,13048,40.0534433,-105.646445,,,,
147,Apache Peak,13176,40.058379,-105.6511043,,,,
148,Shoshoni Peak,12913,40.0670707,-105.6388601,,,,
149,Pawnee Peak,12907,40.081433,-105.632514,,,,
150,Mount Toll,12700,40.0884279,-105.633754,,,,
151,Paiute Peak,12923,40.0974922,-105.6321053,,,,
152,Satanta Peak,11932,40.0255359,-105.689887,,,,
153,Mount George,12657,40.056678,-105.6581017,,,,
154,Mount Achonee,12438,40.072495,-105.6783264,,,,
155,Lone Eagle Peak,11834,40.0693983,-105.6606361,,,,
156,South Arapaho Peak,13274,40.0196352,-105.6497795,,,,
157,Little Pawnee Peak,12267,40.0826932,-105.6209948,,,,
158,Mount Audubon,13153,40.0989998,-105.6162951,,,,
159,Helmet Peak,11873,37.4111246,-108.1272452,,,,
160,Snowstorm Peak,12421,37.4388981,-108.0118789,,,,
161,Cumberland Mountain,12244,37.4440226,-108.0043572,,,,
162,Sharkstooth Peak,12333,37.4598078,-108.0729727,,,,
163,Madden Peak,11936,37.3824578,-108.105802,,,,
164,Deadwood Mountain,12162,37.3828609,-108.0435247,,,,
165,Baker Peak,11827,37.3981726,-108.0317719,,,,
166,Lewis Mountain,12579,37.4220188,-108.0145081,,,,
167,Gibbs Peak,12211,37.4097309,-108.102416,,,,
168,Burwell Peak,12375,37.4209153,-108.0903435,,,,
169,Babcock Peak,12966,37.428296,-108.0770098,,,,
170,Spiller Peak,13002,37.4279158,-108.0872892,,,,
171,Mount Moss,13071,37.4389486,-108.0782487,,,,
172,Centennial Peak,12828,37.4473328,-108.0769016,,,,
173,Hesperus Mountain,12989,37.4450593,-108.0889536,,,,
174,Diorite Peak,12602,37.4399407,-108.0508765,,,,
175,Silver Mountain,12277,37.3868621,-108.0294433,,,,
176,Craig Peak,11857,39.4958122,-106.6381447,,,,
177,Mount Thomas,11854,39.4195977,-106.7435727,,,,
178,Mount Jackson,13583,39.4852904,-106.5366449,,,,
179,Gold Dust Peak,13278,39.4789345,-106.5945946,,,,
180,Fools Peak,12835,39.4508128,-106.5994444,,,,
181,Eagle Peak,12884,39.4453365,-106.5813465,,,,
182,Avalanche Peak,12651,39.4160745,-106.5802137,,,,
183,Middle Mountain,12507,39.4406249,-106.5243578,,,,
184,Savage Peak,13025,39.3803164,-106.5202121,,,,
185,Notch Mountain,13123,39.4773805,-106.4604033,,,,
186,Mount of the Holy Cross,14007,39.4666238,-106.481692,,,,
187,Whitney Peak,13212,39.432725,-106.4729461,,,,
188,Resolution Mountain,11896,39.4899796,-106.2945678,,,,
189,Ptarmigan Hill,12126,39.4947649,-106.2596315,,,,
190,Sugarloaf Peak,12490,39.4624475,-106.2481133,,,,
191,Union Mountain,12201,39.4683306,-106.1749481,,,,
192,Copper Mountain,12392,39.4690021,-106.1570851,,,,
193,Mayflower Hill,12201,39.4233518,-106.142212,,,,
194,Elk Mountain,12674,39.4540558,-106.2382201,,,,
195,Pearl Peak,12113,39.4440063,-106.2462531,,,,
196,Corbett Peak,12562,39.4408143,-106.2311374,,,,
197,North Sheep Mountain,12402,39.4263037,-106.2331112,,,,
198,East Sheep Mountain,11877,39.416648,-106.2089019,,,,
199,Jacque Peak,13107,39.4547731,-106.1970839,,,,
200,Tucker Mountain,12326,39.4552293,-106.1797325,,,,
201,Sheep Mountain,12352,39.414691,-106.2285592,,,,
202,Gold Hill,11913,39.4160676,-106.1603098,,,,
203,Fletcher Mountain,13842,39.4031988,-106.1287279,,,,
204,Little Bartlett Mountain,12884,39.3857985,-106.1612716,,,,
205,Wheeler Mountain,13507,39.3804048,-106.1358001,,,,
206,Bartlett Mountain,13199,39.3769097,-106.1591995,,,,
207,Peak Six,12562,39.4938196,-106.1113148,,,,
208,Peak Seven,12625,39.4784298,-106.1052225,,,,
209,Peak Eight,12900,39.4726922,-106.1024673,,,,
210,Peak Nine,13153,39.4515151,-106.1049864,,,,
211,Peak Ten,13524,39.4431527,-106.1028093,,,,
212,Crystal Peak,13763,39.4345416,-106.1143261,,,,
213,Mount Helen,13045,39.4285095,-106.0871889,,,,
214,Pacific Peak,13852,39.4230866,-106.1231723,,,,
215,Quandary Peak,14272,39.3972537,-106.1063989,,,,
216,North Star Mountain,13415,39.377399,-106.1076986,,,,
217,Red Mountain,13159,39.3944055,-106.0221011,,,,
218,Red Peak,13100,39.3910267,-106.004193,,,,
219,Sellar Peak,11975,39.3117096,-106.5635892,,,,
220,Mount Nast,12382,39.2511753,-106.6117304,,,,
221,Wildcat Mountain,12024,39.2794092,-106.5427121,,,,
222,Homestake Peak,13074,39.3675144,-106.4146325,,,,
223,Galena Mountain,12858,39.3149065,-106.4323575,,,,
224,Buckeye Peak,12838,39.345571,-106.2535389,,,,
225,Mount Zion,12113,39.3113051,-106.2752926,,,,
226,Clinton Peak,13799,39.3681328,-106.1487056,,,,
227,McNamee Peak,13655,39.3625982,-106.1530464,,,,
228,Traver Peak,13720,39.3585103,-106.1483658,,,,
229,Mount Arkansas,13717,39.3324327,-106.1782816,,,,
230,Treasurevault Mountain,13599,39.3064215,-106.1835154,,,,
231,Mosquito Peak,13707,39.300377,-106.1826807,,,,
232,Prospect Mountain,12605,39.2789053,-106.237063,,,,
233,Mount Buckskin,13747,39.3207684,-106.1510739,,,,
234,Loveland Mountain,13648,39.3084437,-106.1397409,,,,
235,Little Ellen Hill,12359,39.2524503,-106.2035118,,,,
236,Mount Evans,13540,39.256795,-106.1815489,,,,
237,London Mountain,13081,39.2844441,-106.1583226,,,,
238,Pennsylvania Mountain,12999,39.264689,-106.1421467,,,,
239,Mount Lincoln,14293,39.351504,-106.1113773,,,,
240,Mount Cameron,14238,39.3463459,-106.1189002,,,,
241,Mount Bross,14178,39.3349948,-106.1071665,,,,
242,Mount Silverheels,13717,39.3392986,-106.0054138,,,,
243,Baldy Mountain,13074,39.1477873,-106.9658646,,,,
244,Highland Peak,12303,39.128871,-106.8769749,,,,
245,Geissler Mountain,13123,39.1451331,-106.5829047,,,,
246,Deer Mountain,13655,39.1574604,-106.5212362,,,,
247,Mount Champion,13586,39.1320898,-106.521471,,,,
248,Mount Massive,14427,39.1873242,-106.4756085,,,,
249,French Mountain,13776,39.1283791,-106.4822818,,,,
250,Long and Derry Hill,12024,39.2173179,-106.2196479,,,,
251,Ball Mountain,12303,39.237339,-106.2215925,,,,
252,Rocky Point,12028,39.1785294,-106.2286429,,,,
253,Empire Hill,12280,39.1917794,-106.2193271,,,,
254,Mount Sheridan,13671,39.2091843,-106.1847544,,,,
255,West Sheridan,12900,39.2169002,-106.2022108,,,,
256,Mount Sherman,14043,39.2251336,-106.1699259,,,,
257,Gemini Peak,13888,39.2347393,-106.1681509,,,,
258,Dyer Mountain,13796,39.2398887,-106.1831941,,,,
259,East Ball Mountain,12815,39.2386163,-106.2018902,,,,
260,West Dyer Mountain,12959,39.2435948,-106.1948395,,,,
261,Ptarmigan Peak,13635,39.1503246,-106.1743044,,,,
262,Horseshoe Mountain,13819,39.1857848,-106.185224,,,,
263,Finnback Knob,13301,39.1925179,-106.1917633,,,,
264,Peerless Mountain,13317,39.1981067,-106.1790067,,,,
265,Weston Peak,13550,39.1364027,-106.1638771,,,,
266,Lamb Mountain,12320,39.1902625,-106.1212908,,,,
267,Sheep Mountain,12707,39.1937121,-106.1117818,,,,
268,North Maroon Peak,14022,39.076094,-106.9870852,,,,
269,Pyramid Peak,14029,39.0717385,-106.9499676,,,,
270,Keefe Peak,13327,39.0326175,-106.9042174,,,,
271,Belleview Mountain,12890,39.0445446,-106.9984531,,,,
272,Maroon Peak,14163,39.0706997,-106.9888794,,,,
273,Hunter Peak,13323,39.052956,-106.903812,,,,
274,Hayden Peak,13419,39.0592282,-106.8519311,,,,
275,Ashcroft Mountain,12372,39.0428954,-106.7778047,,,,
276,McArthur Mountain,12090,39.0593173,-106.7673333,,,,
277,Cathedral Peak,13750,39.0343619,-106.8588973,,,,
278,Conundrum Peak,13832,39.0144457,-106.86364,,,,
279,Castle Peak,14274,39.0096902,-106.8612901,,,,
280,Green Mountain,12671,39.1092705,-106.6540834,,,,
281,New York Peak,12621,39.0858838,-106.6930356,,,,
282,Gold Hill,12205,39.0459843,-106.7397692,,,,
283,Larson Peak,12690,39.032863,-106.6352582,,,,
284,Truro Peak,13071,39.0460183,-106.6318175,,,,
285,Independence Mountain,12654,39.0940177,-106.6106822,,,,
286,Star Mountain,12897,39.061602,-106.5332022,,,,
287,Ouray Peak,12792,39.0542685,-106.5651273,,,,
288,Grizzly Peak,13842,39.0424852,-106.597521,,,,
289,Red Mountain,13379,39.0248467,-106.5917304,,,,
290,Middle Mountain,12953,39.0127637,-106.5755961,,,,
291,Garfield Peak,13678,39.0306078,-106.5950007,,,,
292,Bull Hill,13638,39.0995626,-106.4625828,,,,
293,Casco Peak,13793,39.1140514,-106.4938211,,,,
294,Mount Elbert,14438,39.1178687,-106.4452569,,,,
295,Parry Peak,12628,39.084019,-106.4138403,,,,
296,La Plata Peak,14344,39.0293628,-106.4731089,,,,
297,Twin Peaks,13287,39.0423585,-106.4254736,,,,
298,Quail Mountain,13445,39.0178923,-106.3946729,,,,
299,Mount Hope,13845,39.0210977,-106.4198667,,,,
300,South Peak,12881,39.1220521,-106.2057999,,,,
301,Mount Epworth,11818,39.922382,-105.6952503,,,,
302,Mount Nystrom,12618,39.8090505,-105.9018608,,,,
303,Saint Louis Peak,12169,39.7949801,-105.9386149,,,,
304,Bills Peak,12612,39.8557804,-105.9626778,,,,
305,Byers Peak,12746,39.8645727,-105.947484,,,,
306,Stanley Mountain,12467,39.785583,-105.8228409,,,,
307,Colorado Mines Peak,12461,39.7949897,-105.764033,,,,
308,Vasquez Peak,12785,39.7960915,-105.8550001,,,,
309,Twin Cones,12028,39.8372852,-105.7861716,,,,
310,Cone Mountain,12136,39.7828715,-105.740893,,,,
311,Mount Eva,13028,39.8276127,-105.7189062,,,,
312,Witter Peak,12825,39.8145101,-105.7162558,,,,
313,Breckinridge Peak,12808,39.799145,-105.7242902,,,,
314,Mount Flora,13084,39.8048325,-105.7360837,,,,
315,Parry Peak,13304,39.8380364,-105.7133278,,,,
316,James Peak,13222,39.8520053,-105.6902726,,,,
317,Mount Bancroft,13179,39.8373802,-105.7001204,,,,
318,Kingston Peak,12073,39.8475962,-105.6507826,,,,
319,Mount Trelease,12425,39.695569,-105.9028218,,,,
320,Coon Hill,12690,39.6887702,-105.9456895,,,,
321,Hagar Mountain,13045,39.7102747,-105.9209853,,,,
322,Pettingell Peak,13435,39.7286355,-105.9046172,,,,
323,Grizzly Peak,13340,39.644111,-105.8486543,,,,
324,Grays Peak,14275,39.6337372,-105.8173702,,,,
325,Mount Edwards,13770,39.63632,-105.7940156,,,,
326,Torreys Peak,14272,39.6426923,-105.8211948,,,,
327,Kelso Mountain,13074,39.6588695,-105.8002759,,,,
328,Baker Mountain,12589,39.6607654,-105.8402538,,,,
329,Ganley Mountain,12789,39.6685557,-105.7763215,,,,
330,Mount Sniktau,13091,39.6784129,-105.8575207,,,,
331,Woods Mountain,12887,39.7304544,-105.8397217,,,,
332,Engelmann Peak,13314,39.7454702,-105.8006821,,,,
333,Robeson Peak,13084,39.7332287,-105.8062809,,,,
334,Mount Parnassus,13533,39.7200631,-105.822606,,,,
335,Bard Peak,13455,39.7203245,-105.8042516,,,,
336,Silver Plume Mountain,12454,39.7138696,-105.7669409,,,,
337,Otter Mountain,12753,39.6278081,-105.7323251,,,,
338,Paines Mountain,12041,39.6588697,-105.726384,,,,
339,Sugarloaf Peak,12444,39.6496537,-105.6914032,,,,
340,Republican Mountain,12320,39.7143234,-105.7352503,,,,
341,Goliath Peak,12201,39.6403522,-105.5989227,,,,
342,Wise Mountain,12024,39.5113069,-105.9042758,,,,
343,Independence Mountain,12530,39.5816272,-105.9100876,,,,
344,Bear Mountain,12474,39.5721365,-105.9035495,,,,
345,Keystone Mountain,12398,39.5590468,-105.9104097,,,,
346,Handcart Peak,12493,39.5236838,-105.84545,,,,
347,Radical Hill,12297,39.5358966,-105.8656427,,,,
348,Teller Mountain,12507,39.5360917,-105.8568393,,,,
349,Red Cone,12717,39.5268955,-105.8220919,,,,
350,Geneva Peak,13202,39.5537902,-105.8235046,,,,
351,Landslide Peak,13212,39.552087,-105.8161545,,,,
352,Sullivan Mountain,13081,39.56297,-105.8287182,,,,
353,Silver Mountain,12697,39.5827914,-105.8215623,,,,
354,Revenue Mountain,12697,39.58338,-105.8084395,,,,
355,Collier Mountain,13107,39.5688695,-105.8369445,,,,
356,Santa Fe Peak,13107,39.5688695,-105.8369445,,,,
357,Tiptop Peak,11929,39.5876261,-105.8522657,,,,
358,Morgan Peak,12349,39.586763,-105.8452352,,,,
359,Brittle Silver Mountain,12126,39.5924773,-105.8219856,,,,
360,Decatur Mountain,12861,39.5947358,-105.7949982,,,,
361,Cooper Mountain,12740,39.6123814,-105.8279286,,,,
362,Ruby Mountain,13241,39.6165513,-105.8141645,,,,
363,Mount Wilcox,13337,39.6155399,-105.7573666,,,,
364,Argentine Peak,13711,39.6121037,-105.7772412,,,,
365,Square Top Mountain,13757,39.5926029,-105.7639108,,,,
366,Kataka Mountain,12408,39.529376,-105.6609763,,,,
367,Epaulet Mountain,13494,39.5707025,-105.63198,,,,
368,Tahana Mountain,11949,39.5449814,-105.6455488,,,,
369,Geneva Mountain,12323,39.5507682,-105.6938002,,,,
370,Mount Bierstadt,14066,39.5826432,-105.6687551,,,,
371,Gray Wolf Mountain,13576,39.6172034,-105.6606334,,,,
372,Mount Warren,13173,39.6051104,-105.633389,,,,
373,Mount Spalding,13747,39.6000308,-105.6569377,,,,
374,Bandit Peak,12415,39.5397136,-105.6043067,,,,
375,Rosalie Peak,13553,39.5561589,-105.6064665,,,,
376,Rogers Peak,13294,39.6155008,-105.6175483,,,,
377,Glacier Peak,12789,39.4842964,-105.8839139,,,,
378,Mount Guyot,13209,39.4585882,-105.9378693,,,,
379,Bald Mountain,13652,39.4448809,-105.9705017,,,,
380,Boreas Mountain,13048,39.4061136,-105.9486366,,,,
381,Whale Peak,12995,39.4942594,-105.8666908,,,,
382,Mount Logan,12867,39.4957321,-105.6314035,,,,
383,North Twin Cone Peak,12257,39.4284267,-105.7021972,,,,
384,Mount Blaine,12267,39.4301142,-105.6805942,,,,
385,South Twin Cone Peak,12251,39.4149942,-105.6821096,,,,
386,Shawnee Peak,11844,39.396931,-105.5965086,,,,
387,Little Baldy Mountain,12123,39.3285936,-105.9480611,,,,
388,Palmer Peak,12467,39.3198953,-105.9897922,,,,
389,North Tarryall Peak,11850,39.3119272,-105.6104217,,,,
390,Windy Peak,11916,39.3022842,-105.4398189,,,,
391,Bison Mountain,12379,39.2384549,-105.497854,,,,
392,McCurdy Mountain,12073,39.219445,-105.4680234,,,,
393,Granite Peak,12077,37.4689699,-107.4114753,,,,
394,Three Sisters Peaks,11831,37.4833825,-107.3979001,,,,
395,Pagosa Peak,12526,37.443951,-107.0665925,,,,
396,Cherry Cairn,12457,37.4677094,-107.0319355,,,,
397,Ruby Peak,12549,38.897158,-107.1277312,,,,
398,Purple Peak,12562,38.9125799,-107.1202953,,,,
399,Mount Owen,12936,38.9089855,-107.1248234,,,,
400,Carfield Peak,12011,38.9149629,-107.0960841,,,,
401,Peeler Peak,12152,38.9113352,-107.0859767,,,,
402,Mount Emmons,12303,38.8864523,-107.0511679,,,,
403,Afley Peak,12326,38.9210966,-107.1190124,,,,
404,Oh-be-joyful Peak,12224,38.9301357,-107.116833,,,,
405,Hancock Peak,12238,38.9351856,-107.1167471,,,,
406,Schuylkill Mountain,11965,38.9402463,-107.0884561,,,,
407,Richmond Mountain,12388,38.9505671,-107.1139977,,,,
408,Mineral Point,12254,38.9709181,-107.1009979,,,,
409,Augusta Mountain,12451,38.9722236,-107.1060624,,,,
410,Purple Mountain,12785,38.9916511,-107.1033702,,,,
411,Cinnamon Mountain,12152,38.9946066,-107.0709567,,,,
412,Mount Baldy,12654,38.9935623,-107.0460613,,,,
413,Gothic Mountain,12513,38.9560236,-107.0106125,,,,
414,Mount Gunnison,12569,38.8119069,-107.382587,,,,
415,West Beckwith Mountain,11880,38.8600764,-107.2740584,,,,
416,East Beckwith Mountain,12339,38.8463154,-107.2232457,,,,
417,Carbon Peak,11926,38.7942043,-107.0433499,,,,
418,Ohio Peak,12093,38.8176211,-107.1211273,,,,
419,Mount Guero,11909,38.719608,-107.3858987,,,,
420,South Baldy Mountain,12375,38.6653928,-107.196878,,,,
421,Middle Baldy Mountain,12575,38.6785056,-107.1919862,,,,
422,Middle Baldy,12562,38.6885058,-107.1950418,,,,
423,North Baldy Mountain,12812,38.7002494,-107.1873913,,,,
424,West Elk Peak,12979,38.7180944,-107.1992944,,,,
425,Black Mountain,11844,37.8368732,-107.2256405,,,,
426,Bristol Head,12684,37.7935139,-107.0549953,,,,
427,Baldy Cinco,13323,37.9553778,-107.1028807,,,,
428,Snow Mesa,12398,37.938825,-107.1063904,,,,
429,Table Mountain,12785,37.8980309,-107.0511077,,,,
430,Whipple Mountain,11900,37.9945736,-107.9343503,,,,
431,Campbell Peak,13114,37.9871078,-107.8549241,,,,
432,Dallas Peak,13645,37.9881106,-107.8236847,,,,
433,Gilpin Peak,13540,37.9863328,-107.7932571,,,,
434,Greenback Mountain,12779,37.9688765,-107.7950086,,,,
435,Stony Mountain,12562,37.9823959,-107.7713753,,,,
436,Mount Emma,13478,37.9748861,-107.790415,,,,
437,Mendoza Peak,13094,37.960879,-107.7783846,,,,
438,Ajax Peak,12648,37.9285995,-107.7556066,,,,
439,Gold Hill,12684,37.8942229,-107.8231291,,,,
440,Palmyra Peak,12963,37.8836674,-107.8292845,,,,
441,Wasatch Mountain,13320,37.8900056,-107.7958859,,,,
442,Ballard Mountain,12562,37.9117297,-107.7903084,,,,
443,Ingram Peak,12451,37.9147177,-107.7584275,,,,
444,La Junta Peak,13369,37.8967468,-107.7871469,,,,
445,Three Needles,13337,37.8899889,-107.7563128,,,,
446,Potosi Peak,13638,37.9897944,-107.74928,,,,
447,Chicago Peak,13215,37.9427661,-107.7441744,,,,
448,Telluride Peak,13415,37.9247616,-107.7357565,,,,
449,Brown Mountain,13251,37.9208227,-107.6378274,,,,
450,United States Mountain,12963,37.9565533,-107.7390025,,,,
451,Hayden Mountain,13058,37.9543991,-107.7025501,,,,
452,Abrams Mountain,12753,37.962228,-107.6405406,,,,
453,Trico Peak,13156,37.9053582,-107.7382341,,,,
454,Red Mountain Number 2,12129,37.9128347,-107.6824214,,,,
455,Red Mountain Number 3,12838,37.9015206,-107.6891098,,,,
456,McMillan Peak,12667,37.8800471,-107.6898801,,,,
457,Red Mountain Number 1,12484,37.9104026,-107.6622508,,,,
458,Engineer Mountain,13100,37.9702671,-107.5883179,,,,
459,Dolly Varden Mountain,12894,37.9920933,-107.5427834,,,,
460,Gravel Mountain,13455,37.9597458,-107.541031,,,,
461,Houghton Mountain,12999,37.9406807,-107.5863306,,,,
462,Tuttle Mountain,13051,37.9339292,-107.6127008,,,,
463,Seigal Mountain,13199,37.9571273,-107.5637874,,,,
464,Denver Hill,12257,37.95148,-107.5782333,,,,
465,Cinnamon Mountain,13304,37.9296446,-107.5458176,,,,
466,Wood Mountain,13570,37.9474562,-107.5380624,,,,
467,Edith Mountain,12365,37.9425072,-107.5127187,,,,
468,Hurricane Peak,13379,37.9147288,-107.6215242,,,,
469,California Mountain,13173,37.9182539,-107.6039062,,,,
470,Hanson Peak,13399,37.9079777,-107.6097073,,,,
471,Bonita Peak,13205,37.8970019,-107.6238741,,,,
472,Emery Peak,13166,37.8882556,-107.6210535,,,,
473,Treasure Mountain,12805,37.9124268,-107.5852482,,,,
474,Eureka Mountain,12818,37.8983981,-107.5826993,,,,
475,Handies Peak,14058,37.9129617,-107.5044497,,,,
476,Jones Mountain,13776,37.8964981,-107.5265017,,,,
477,Niagara Peak,13540,37.8892488,-107.5335107,,,,
478,Crown Mountain,13484,37.879879,-107.5367594,,,,
479,Whitecross Mountain,13451,37.9307323,-107.4932967,,,,
480,Redcloud Peak,14037,37.9409934,-107.4217338,,,,
481,Seventyone Mountain,12300,37.9379051,-107.2674572,,,,
482,Grassy Mountain,12638,37.9568272,-107.344062,,,,
483,Wilson Peak,14021,37.8602995,-107.9846517,,,,
484,Gladstone Peak,13612,37.845232,-107.9838829,,,,
485,Mount Wilson,14256,37.8392056,-107.9915763,,,,
486,Sunshine Mountain,12562,37.8583385,-107.9342234,,,,
487,Lizard Head,12703,37.8359064,-107.9506774,,,,
488,Cross Mountain,12516,37.8321257,-107.9686907,,,,
489,Black Face,12093,37.8238031,-107.9214231,,,,
490,Sheep Mountain,13081,37.7853689,-107.885953,,,,
491,Yellow Mountain,13045,37.8186505,-107.8340711,,,,
492,Lookout Peak,13563,37.8622452,-107.78018,,,,
493,South Lookout Peak,13248,37.8361608,-107.7903092,,,,
494,Pilot Knob,13540,37.8116561,-107.8288145,,,,
495,Golden Horn,13606,37.8047287,-107.8246478,,,,
496,Vermilion Peak,13419,37.7993428,-107.8284737,,,,
497,Fuller Peak,13586,37.7959925,-107.8212942,,,,
498,Ulysses S Grant Peak,13527,37.8244338,-107.8072341,,,,
499,San Miguel Peak,13665,37.7791393,-107.8645229,,,,
500,Grizzly Peak,13573,37.7558974,-107.8618073,,,,
501,Beattie Peak,13179,37.7901932,-107.824648,,,,
502,Rolling Mountain,13484,37.7660672,-107.8260801,,,,
503,Twin Sisters,13383,37.771625,-107.785811,,,,
504,Ohio Peak,12569,37.860823,-107.6985762,,,,
505,Storm Peak,13205,37.8594787,-107.6475072,,,,
506,Bear Mountain,12871,37.7945769,-107.7328083,,,,
507,Anvil Mountain,12388,37.8377847,-107.7072735,,,,
508,Kendall Mountain,13182,37.793494,-107.6285958,,,,
509,Sultan Mountain,13261,37.7858409,-107.7037474,,,,
510,Grand Turk,13091,37.7772681,-107.6979031,,,,
511,Tower Mountain,13478,37.8574158,-107.6230625,,,,
512,Dome Mountain,13212,37.8608746,-107.5999851,,,,
513,Macomber Peak,13140,37.8476847,-107.6219503,,,,
514,Middle Mountain,12900,37.8477925,-107.5449844,,,,
515,King Solomon Mountain,13048,37.8078367,-107.5938741,,,,
516,Hazelton Mountain,12320,37.8018612,-107.6227218,,,,
517,Round Mountain,12720,37.7957566,-107.6136195,,,,
518,Little Giant Peak,13169,37.7967701,-107.5987026,,,,
519,Galena Mountain,13061,37.8278264,-107.5616943,,,,
520,Green Mountain,13002,37.7945716,-107.5618231,,,,
521,Canby Mountain,13379,37.7995886,-107.5460324,,,,
522,Kendall Peak,13264,37.7872134,-107.6183835,,,,
523,Sugarloaf,12638,37.7734945,-107.588575,,,,
524,Whitehead Peak,13120,37.7600764,-107.6065021,,,,
525,Sheep Mountain,13051,37.7833252,-107.5178262,,,,
526,Greenhalgh Mountain,13074,37.7850429,-107.5042566,,,,
527,Carson Peak,13622,37.8574071,-107.4020338,,,,
528,Bent Peak,13346,37.8606117,-107.3807386,,,,
529,Pole Creek Mountain,13579,37.7959782,-107.4311151,,,,
530,Finger Mesa,12300,37.7825865,-107.3218817,,,,
531,Hermosa Peak,12444,37.7098139,-107.9286491,,,,
532,Blackhawk Mountain,12615,37.6854881,-107.9874959,,,,
533,Whitecap Mountain,12300,37.6745699,-107.9940556,,,,
534,Section Point,11886,37.703215,-107.9578585,,,,
535,Jura Knob,12552,37.7372127,-107.8019988,,,,
536,Grayrock Peak,12421,37.6736929,-107.8630918,,,,
537,Engineer Mountain,12769,37.6992257,-107.8067202,,,,
538,Potato Hill,11814,37.6724748,-107.7665056,,,,
539,North Twilight Peak,13025,37.6691078,-107.7282583,,,,
540,Snowdon Peak,13005,37.7078884,-107.6888976,,,,
541,Mount Garfield,12854,37.6946805,-107.6362463,,,,
542,Point Pun,12910,37.6870556,-107.6302639,,,,
543,Twilight Peak,13087,37.6630987,-107.7270185,,,,
544,South Twilight Peak,12946,37.6592947,-107.7235992,,,,
545,West Needle Mountain,12966,37.6493688,-107.7213758,,,,
546,Peak Fourteen,12372,37.6525606,-107.6555636,,,,
547,Peak Fifteen,13337,37.6286041,-107.6360114,,,,
548,Peak Sixteen,13120,37.6288481,-107.6279127,,,,
549,The Index,13232,37.6442955,-107.6330417,,,,
550,Animas Mountain,13566,37.6431393,-107.6291956,,,,
551,Pigeon Peak,13734,37.632374,-107.6464193,,,,
552,Turret Peak,13671,37.627663,-107.6398372,,,,
553,Little Finger,12940,37.6283026,-107.6323799,,,,
554,Peak One,13540,37.6974588,-107.5573571,,,,
555,Peak Two,13399,37.7083196,-107.5762771,,,,
556,Peak Three,13415,37.6965003,-107.5774635,,,,
557,Peak Four,13323,37.6598569,-107.6075927,,,,
558,Peak Five,13186,37.6563598,-107.5957292,,,,
559,Peak Six,13612,37.6602707,-107.5850493,,,,
560,Peak Seven,13481,37.6677198,-107.5737878,,,,
561,Peak Eight,12920,37.671155,-107.5669934,,,,
562,Peak Nine,13186,37.6697152,-107.5600488,,,,
563,Peak Ten,13310,37.6432584,-107.588804,,,,
564,Peak Eleven,13268,37.6286043,-107.6058831,,,,
565,Peak Thirteen,13274,37.6405485,-107.6247725,,,,
566,Electric Peak,13238,37.6989661,-107.6172295,,,,
567,Graystone Peak,13212,37.6892161,-107.6191513,,,,
568,Arrow Peak,13458,37.6928042,-107.6101359,,,,
569,Vestal Peak,13484,37.689369,-107.6026786,,,,
570,White Dome,13527,37.7040406,-107.5467595,,,,
571,Trinity Peaks,13678,37.6849418,-107.5812249,,,,
572,Storm King Peak,13602,37.6764389,-107.5595148,,,,
573,Mount Silex,13389,37.6702708,-107.5480398,,,,
574,Hunchback Mountain,12972,37.7054233,-107.5314803,,,,
575,Mount Nebo,13110,37.6762062,-107.5083168,,,,
576,The Heisspitz,13084,37.664607,-107.6224226,,,,
577,Gray Needle,13140,37.646501,-107.5892804,,,,
578,Jagged Mountain,13606,37.6455657,-107.5839381,,,,
579,Monitor Peak,13238,37.6375499,-107.6251587,,,,
580,Knife Point,12838,37.6387801,-107.5946215,,,,
581,Glacier Point,13435,37.6260194,-107.6143668,,,,
582,Twin Thumbs,13048,37.6286579,-107.6086168,,,,
583,Sunlight Peak,14061,37.6272835,-107.595797,,,,
584,Leviathan Peak,13353,37.6529298,-107.5746223,,,,
585,Vallecito Mountain,13297,37.650322,-107.5663317,,,,
586,The Guardian,13435,37.6635194,-107.5403691,,,,
587,Rio Grande Pyramid,13694,37.6795291,-107.3923524,,,,
588,Simpson Mountain,12851,37.7061047,-107.3513695,,,,
589,Chief Mountain,12949,37.636407,-107.2091444,,,,
590,Baldy Mountain,12477,37.6885726,-107.1116843,,,,
591,Tank Mesa,11867,37.5722723,-107.7077668,,,,
592,Stag Mesa,12162,37.5698235,-107.689774,,,,
593,Lime Mesa,12034,37.5595629,-107.6758634,,,,
594,Mount Kennedy,13071,37.588911,-107.6270602,,,,
595,Mount Eolus,14087,37.6216871,-107.6225967,,,,
596,Windom Peak,14089,37.621313,-107.5917613,,,,
597,Jupiter Mountain,13727,37.6124256,-107.5919938,,,,
598,Hope Mountain,12858,37.5997101,-107.591139,,,,
599,Aztec Mountain,13084,37.5916604,-107.6159476,,,,
600,Bullion Mountain,13123,37.5844779,-107.6039802,,,,
601,Florida Mountain,12953,37.581978,-107.5940669,,,,
602,Mount Valois,13120,37.5740927,-107.5846641,,,,
603,Silver Mesa,12795,37.5772449,-107.6028851,,,,
604,Greylock Mountain,13448,37.6176354,-107.5700488,,,,
605,Grizzly Peak,13458,37.6076296,-107.5818648,,,,
606,Thunder Mountain,12976,37.6047669,-107.5604969,,,,
607,McCauley Peak,13350,37.5974937,-107.5779973,,,,
608,Echo Mountain,12713,37.5914168,-107.571458,,,,
609,Irving Peak,13114,37.5947901,-107.5095346,,,,
610,Sheep Mountain,13022,37.5458599,-107.5575823,,,,
611,Emerson Mountain,12841,37.5569954,-107.565027,,,,
612,Amherst Mountain,12943,37.565102,-107.5594069,,,,
613,Organ Mountain,12776,37.5677721,-107.5536594,,,,
614,Sheridan Mountain,12612,37.5359809,-107.5846424,,,,
615,Mount Oso,13543,37.6069953,-107.4935937,,,,
616,Peters Peak,12972,37.6158443,-107.4852173,,,,
617,Buffalo Peak,12444,37.6223638,-107.4842123,,,,
618,Mesa Lato,12579,37.610584,-107.4009817,,,,
619,Bald Mountain,12205,37.551543,-107.3346577,,,,
620,Flag Mountain,12133,37.5418717,-107.3675005,,,,
621,Cimarrona Peak,12421,37.5783439,-107.2238104,,,,
622,Piedra Peak,12277,37.5751914,-107.0187953,,,,
623,Palomino Mountain,12169,37.5602763,-107.0450357,,,,
624,Toner Mountain,12398,37.507589,-107.1102715,,,,
625,Sugarloaf Mountain,12448,37.5251967,-107.0918747,,,,
626,Red Mountain,12533,37.5198295,-107.015633,,,,
627,Courthouse Mountain,12051,38.1352062,-107.5738519,,,,
628,Dunsinane,12582,38.1298184,-107.5391071,,,,
629,Sheep Mountain,13068,38.1590282,-107.4658818,,,,
630,Hayden Peak,12894,38.0305419,-107.9090694,,,,
631,North Pole Peak,12008,38.0386817,-107.9150101,,,,
632,Mount Ridgway,13353,38.0135983,-107.7531056,,,,
633,Teakettle Mountain,13579,38.0004825,-107.7615238,,,,
634,Mears Peak,13287,38.0093395,-107.8620199,,,,
635,Wolcott Mountain,12949,38.0162838,-107.8474893,,,,
636,Cirque Mountain,13396,38.0038255,-107.7716743,,,,
637,Cascade Mountain,12041,38.0378393,-107.6423774,,,,
638,Whitehouse Mountain,13353,38.0202385,-107.7379992,,,,
639,Wildhorse Peak,13035,38.0132545,-107.5775916,,,,
640,Blackwall Mountain,12864,38.0286241,-107.5648139,,,,
641,Wetterhorn Peak,14021,38.0606119,-107.5108819,,,,
642,Coxcomb Peak,13386,38.0799543,-107.5337897,,,,
643,Redcliff,13540,38.0871595,-107.5331686,,,,
644,Precipice Peak,12690,38.1191433,-107.5355828,,,,
645,Broken Hill,13107,38.0429023,-107.4717146,,,,
646,Matterhorn Peak,13264,38.065259,-107.4959462,,,,
647,Uncompahgre Peak,14318,38.0714529,-107.4625289,,,,
648,Silver Mountain,13635,38.106764,-107.449707,,,,
649,Crystal Peak,12877,38.0533814,-107.3737637,,,,
650,Mesa Seco,12799,38.0332231,-107.2444457,,,,
651,Cannibal Plateau,12523,38.1065742,-107.2290596,,,,
652,Mineral Mountain,12037,38.0236422,-107.0056772,,,,
653,Crested Butte,11909,38.8833695,-106.9436442,,,,
654,Teocalli Mountain,13104,38.9605134,-106.8840913,,,,
655,White Rock Mountain,13386,38.980624,-106.9275539,,,,
656,Avery Peak,12546,38.9865745,-106.9751549,,,,
657,Pearl Mountain,13314,38.9808127,-106.8341301,,,,
658,Carbonate Hill,12644,38.9659689,-106.825435,,,,
659,Star Peak,13383,38.9795131,-106.7995782,,,,
660,Taylor Peak,13241,38.9920964,-106.782527,,,,
661,Crystal Peak,12677,38.9645741,-106.7915529,,,,
662,Mount Tilton,12431,38.9710965,-106.7644707,,,,
663,Timbered Hill,12320,38.9544967,-106.8260121,,,,
664,Hunters Hill,12526,38.9461837,-106.7877938,,,,
665,Italian Mountain,13199,38.945074,-106.7524827,,,,
666,American Flag Mountain,12572,38.9325133,-106.7182302,,,,
667,Forest Hill,12398,38.8962584,-106.6786127,,,,
668,Jenkins Mountain,13304,38.9650308,-106.5430091,,,,
669,Grizzly Peak,13133,38.9425036,-106.5220916,,,,
670,Whetstone Mountain,12474,38.8223093,-106.9799917,,,,
671,East Cement Mountain,12014,38.7900873,-106.7907965,,,,
672,Cement Mountain,12185,38.8072926,-106.8136386,,,,
673,South Matchless Mountain,12192,38.8166975,-106.6616471,,,,
674,Matchless Mountain,12339,38.834087,-106.6451505,,,,
675,Park Cone,12060,38.796554,-106.6028184,,,,
676,Henry Mountain,13238,38.6855432,-106.6211323,,,,
677,Broncho Mountain,12789,38.6856607,-106.5893575,,,,
678,Square Top Mountain,12890,38.6795159,-106.6110463,,,,
679,Fossil Mountain,12707,38.6706368,-106.6060248,,,,
680,Sheep Mountain,12175,38.6567813,-106.5960246,,,,
681,Terrible Mountain,12116,38.6660756,-106.537548,,,,
682,Green Mountain,12608,38.6776658,-106.5076254,,,,
683,Fairview Peak,13143,38.6832545,-106.5368143,,,,
684,Cameron Mountain,11804,38.7038769,-106.5677974,,,,
685,Cross Mountain,12457,38.7259218,-106.5872852,,,,
686,Ice Mountain,13816,38.9149329,-106.4372168,,,,
687,Mount Kreutzer,12979,38.7567163,-106.415521,,,,
688,Jones Mountain,13182,38.7732688,-106.39403,,,,
689,Winfield Peak,13025,38.9758202,-106.481503,,,,
690,Virginia Peak,12904,38.9651537,-106.4829429,,,,
691,Cross Mountain,12740,38.9728484,-106.4266813,,,,
692,Middle Mountain,13012,38.9679485,-106.4306132,,,,
693,Browns Peak,13373,38.9558866,-106.43666,,,,
694,Huron Peak,14006,38.9455489,-106.4381146,,,,
695,Granite Mountain,12776,38.9403985,-106.4716396,,,,
696,The Three Apostles,13816,38.9148742,-106.437164,,,,
697,Emerald Peak,13806,38.9290437,-106.3811686,,,,
698,Iowa Peak,13691,38.9395884,-106.382833,,,,
699,Missouri Mountain,14071,38.9476104,-106.3785409,,,,
700,Mount Belford,14202,38.9605767,-106.3607818,,,,
701,Mount Oxford,14158,38.9647934,-106.3387735,,,,
702,Waverly Mountain,13255,38.9759545,-106.3238578,,,,
703,Mount Harvard,14424,38.9243492,-106.3206758,,,,
704,Birthday Peak,12684,38.8815278,-106.333945,,,,
705,Mount Yale,14200,38.8441725,-106.3139015,,,,
706,Sheep Mountain,11880,38.7916464,-106.2716341,,,,
707,West Buffalo Peak,13287,38.9919314,-106.1245077,,,,
708,East Buffalo Peak,13238,38.9872106,-106.1094516,,,,
709,Fitzpatrick Peak,13074,38.6982356,-106.4516629,,,,
710,Emma Burr Mountain,13425,38.7335434,-106.4167273,,,,
711,Mount Aetna,13681,38.5863437,-106.3206359,,,,
712,Taylor Mountain,13481,38.583365,-106.2995017,,,,
713,Missouri Hill,12661,38.5856954,-106.2751841,,,,
714,Lost Mountain,12500,38.5845456,-106.2652076,,,,
715,Carbonate Mountain,13543,38.6268465,-106.2855536,,,,
716,Calico Mountain,12867,38.6198682,-106.3126532,,,,
717,Cyclone Mountain,13570,38.6333239,-106.2924721,,,,
718,Grizzly Mountain,13675,38.6456728,-106.3113817,,,,
719,Boulder Mountain,13435,38.6802012,-106.2928128,,,,
720,Chrysolite Mountain,12743,38.6660481,-106.3448886,,,,
721,Pomeroy Mountain,13097,38.6272123,-106.3414853,,,,
722,Sewanee Peak,12986,38.6110845,-106.3438339,,,,
723,Granite Mountain,12507,38.58752,-106.3976862,,,,
724,Monumental Peak,13238,38.5925739,-106.3580714,,,,
725,Central Mountain,12372,38.6016135,-106.3781554,,,,
726,Mount Mamma,13524,38.6765384,-106.3175526,,,,
727,Mount Chapman,12713,38.6255981,-106.3856183,,,,
728,Van Wirt Mountain,12884,38.6059333,-106.3647358,,,,
729,Brittle Silver Mountain,12372,38.6054113,-106.3738622,,,,
730,Paywell Mountain,12260,38.6039289,-106.3863816,,,,
731,Vulcan Mountain,12822,38.5769513,-106.3517694,,,,
732,Clover Mountain,12894,38.5683217,-106.344707,,,,
733,Stella Mountain,12543,38.577499,-106.4031562,,,,
734,Bald Mountain,12795,38.552633,-106.3505266,,,,
735,Banana Mountain,12283,38.5488626,-106.3355077,,,,
736,Mount Shavano,14230,38.6189805,-106.2392197,,,,
737,Jones Peak,13455,38.6313247,-106.2251498,,,,
738,Mount White,13517,38.6568616,-106.2374875,,,,
739,Mount Antero,14271,38.6740472,-106.2462488,,,,
740,Mount Princeton,14200,38.7491503,-106.2424463,,,,
741,Sheep Mountain,12080,37.9467189,-106.7315899,,,,
742,Mesa Mountain,12956,37.9036412,-106.6350951,,,,
743,Bowers Peak,12438,37.9508245,-106.5894942,,,,
744,Boot Mountain,12395,37.920209,-106.5414384,,,,
745,Pool Table Mountain,12215,37.8297169,-106.6919756,,,,
746,Pahlone Peak,12615,38.4806649,-106.2582183,,,,
747,Mount Peck,12182,38.4772637,-106.3035821,,,,
748,Peel Point,12110,38.4621376,-106.2889884,,,,
749,Sawtooth Mountain,12119,38.273944,-106.8674479,,,,
750,Long Branch Baldy,11955,38.3221025,-106.4738221,,,,
751,Windy Peak,11844,38.3519373,-106.265292,,,,
752,Mount Ouray,13881,38.4227445,-106.224689,,,,
753,Whale Hill,12159,38.3216091,-106.1033039,,,,
754,Mount Manitou,12100,38.3299257,-106.1144757,,,,
755,Flagstaff Mountain,12047,38.2755915,-106.1996072,,,,
756,Antora Peak,13225,38.3249764,-106.2181113,,,,
757,Hayden Peak,11991,38.2749934,-106.1039417,,,,
758,Round Mountain,12001,38.3414659,-106.1245189,,,,
759,Sheep Mountain,12749,38.3333518,-106.2140933,,,,
760,Chipeta Mountain,13369,38.4477617,-106.2407153,,,,
761,Willow Mesa,12493,38.0311083,-106.9081254,,,,
762,Baldy Chato,13346,38.0387941,-106.9419999,,,,
763,Stewart Peak,13921,38.0229514,-106.9236042,,,,
764,Baldy Alto,13609,38.0053017,-106.9215083,,,,
765,Del Norte Peak,12382,37.5897211,-106.5633636,,,,
766,Poison Mountain,11975,37.5106908,-106.4488093,,,,
767,San Luis Peak,14023,37.9867825,-106.9312952,,,,
768,Nelson Mountain,12087,37.9149619,-106.9367856,,,,
769,Organ Mountain,13655,37.9911957,-106.8952915,,,,
770,Twin Peaks,12316,37.9278644,-106.7718042,,,,
771,Table Mountain,12654,37.5856801,-106.8535157,,,,
772,Sawtooth Mountain,12434,37.5659128,-106.8774475,,,,
773,Mount Hope,12726,37.5435381,-106.8707378,,,,
774,Metroz Mountain,11906,37.6189737,-106.8175713,,,,
775,Fisher Mountain,12799,37.6570329,-106.9374489,,,,
776,Copper Mountain,11936,37.6994816,-106.8853743,,,,
777,Trout Mountain,11900,37.6631391,-106.7917842,,,,
778,Beautiful Mountain,12726,37.6173455,-106.9274462,,,,
779,South River Peak,13038,37.574041,-106.9815081,,,,
780,Prospect Mountain,12195,37.385057,-106.6271009,,,,
781,Lookout Mountain,12441,37.3895862,-106.5926981,,,,
782,Cropsy Mountain,12500,37.4087871,-106.5963097,,,,
783,Elephant Mountain,11801,37.4133284,-106.5611402,,,,
784,South Mountain,12464,37.4193153,-106.6014607,,,,
785,North Mountain,12677,37.4505444,-106.6046452,,,,
786,Bonito Mountain,12149,37.4470975,-106.5332342,,,,
787,Burro Mountain,12093,37.4452774,-106.5161395,,,,
788,Grayback Mountain,12608,37.4610877,-106.5572942,,,,
789,Cornwall Mountain,12313,37.3810936,-106.4919927,,,,
790,Silver Mountain,12326,37.4311326,-106.421565,,,,
791,Marble Mountain,12113,37.4613766,-106.4823563,,,,
792,Sheep Mountain,12487,37.4622672,-106.4381897,,,,
793,Windy Mountain,12549,37.4661102,-106.4019704,,,,
794,Bennett Peak,13176,37.4833324,-106.4339159,,,,
795,Pintada Mountain,12772,37.49687,-106.4025489,,,,
796,Summit Peak,13156,37.3504765,-106.696844,,,,
797,Montezuma Peak,13127,37.3731471,-106.6915895,,,,
798,Conejos Peak,13025,37.2886454,-106.5708586,,,,
799,Willow Mountain,11900,37.3257647,-106.427204,,,,
800,Red Mountain,11896,37.3441198,-106.4392944,,,,
801,Blackhead Peak,12434,37.2890029,-106.7740529,,,,
802,Nipple Mountain,11962,37.2965411,-106.7716711,,,,
803,Saddle Mountain,11919,37.4406464,-106.9578957,,,,
804,Sheep Mountain,12306,37.4797288,-106.9019555,,,,
805,Chama Peak,11903,37.0403167,-106.6289351,,,,
806,Banded Peak,12730,37.1047901,-106.6270978,,,,
807,Sentinel Point,12365,38.8404047,-105.1044146,,,,
808,Sachett Mountain,12572,38.8210488,-105.0238989,,,,
809,Sheep Mountain,12362,38.7930201,-105.0544535,,,,
810,Hunts Peak,12995,38.3831653,-105.9456659,,,,
811,Twin Sisters,12766,38.3524993,-105.9018959,,,,
812,Bushnell Peak,12963,38.3413305,-105.8894663,,,,
813,Nipple Mountain,12152,38.2663644,-105.7971763,,,,
814,Galena Peak,12356,38.3086454,-105.8687816,,,,
815,Red Mountain,12874,38.3676356,-105.920453,,,,
816,Simmons Peak,11998,38.4207571,-105.9839563,,,,
817,Rito Alto Peak,13720,38.1028552,-105.6613426,,,,
818,Hermit Peak,13192,38.0913219,-105.6550621,,,,
819,Spread Eagle Peak,13258,38.1252369,-105.6435197,,,,
820,Gibson Peak,12792,38.0732512,-105.7124365,,,,
821,Eureka Mountain,13389,38.0788557,-105.640726,,,,
822,Venable Peak,13261,38.054987,-105.62974,,,,
823,Mount Owen,13287,38.1390672,-105.7138646,,,,
824,Thirsty Peak,13071,38.2093525,-105.7363423,,,,
825,Eagle Peak,13133,38.2295131,-105.722325,,,,
826,Electric Peak,13491,38.1817942,-105.7082234,,,,
827,Mount Niehardt,12799,38.1764827,-105.7198475,,,,
828,Cottonwood Peak,13448,38.2193019,-105.7563867,,,,
829,Spring Mountain,12651,38.05603,-105.6124742,,,,
830,Comanche Peak,13140,38.0427542,-105.614869,,,,
831,Horn Peak,13278,38.0386046,-105.5861083,,,,
832,Little Horn Peak,12949,38.025136,-105.5839066,,,,
833,Fluted Peak,13448,38.0244548,-105.6014082,,,,
834,Mount Adams,13770,38.0074935,-105.6047205,,,,
835,Colony Baldy,13625,37.9954733,-105.5603276,,,,
836,Crestone Peak,14299,37.9668126,-105.5853945,,,,
837,Humboldt Peak,14068,37.9761388,-105.5550716,,,,
838,Broken Hand Peak,13366,37.9568452,-105.566751,,,,
839,Milwaukee Peak,13373,37.9477379,-105.5513657,,,,
840,Pico Aislado,13287,37.9443552,-105.5589626,,,,
841,Music Mountain,13150,37.9366607,-105.5486848,,,,
842,Marble Mountain,13081,37.9550532,-105.5332571,,,,
843,Cleveland Peak,13196,37.9044132,-105.5432036,,,,
844,Blueberry Peak,11877,37.903438,-105.478426,,,,
845,Blizzardine Peak,11860,37.9004206,-105.4788403,,,,
846,Greenhorn Mountain,12323,37.8814419,-105.0131865,,,,
847,North Peak,12192,37.9014313,-105.032226,,,,
848,Mount Herard,13327,37.8491266,-105.4944793,,,,
849,Mount Zwischen,11883,37.7912548,-105.4553718,,,,
850,Carbonate Mountain,12247,37.6938666,-105.4813357,,,,
851,Slide Mountain,12231,37.6393923,-105.3701036,,,,
852,Twin Peaks,13396,37.5900774,-105.5190616,,,,
853,California Peak,13760,37.6142324,-105.4988059,,,,
854,Iron Nipple,13320,37.5936098,-105.4548716,,,,
855,Mount Lindsey,14055,37.583803,-105.4446957,,,,
856,Ellingwood Point,14057,37.5824644,-105.4926087,,,,
857,Blanca Peak,14350,37.5775609,-105.4855987,,,,
858,Hamilton Peak,13596,37.5581908,-105.4749152,,,,
859,Steep Mountain,12005,37.3412545,-105.1585448,,,,
860,Teddys Peak,12474,37.3409254,-105.1661954,,,,
861,Trinchera Peak,13501,37.2888207,-105.1646339,,,,
862,Culebra Peak,14053,37.1222185,-105.1857672,,,,
863,Red Mountain,13852,37.1122702,-105.1810648,,,,
864,Vermejo Peak,13560,37.0942666,-105.1909788,,,,
865,Purgatoire Peak,13570,37.0725151,-105.2105519,,,,
866,Almagre Mountain,12320,38.7911855,-104.9934459,,,,
867,West Spanish Peak,13524,37.3756661,-104.9936861,,,,
868,East Spanish Peak,12533,37.3933807,-104.9198151,,,,
869,Mount Arps,12356,38.638517,-106.3799303,,,,
870,Greg Mace Peak,12507,38.9981793,-106.8286423,,,,
871,Rinker Peak,13678,39.0367696,-106.4401248,,,,
872,Challenger Point,14080,37.9804151,-105.6066013,,,,
873,Mount Tweto,13583,39.322155,-106.1693687,,,,
874,Mount Sneffels,14155,38.0038447,-107.7922734,,,,
875,Father Dyer Peak,13471,39.4310757,-106.1050089,,,,
876,Twining Peak,13514,39.1347111,-106.5633965,,,,
877,Willoughby Mountain,12995,39.1428257,-106.9950346,,,,
878,Malemute Peak,13159,39.0202457,-106.8440447,,,,
879,Mount Shimer,12224,39.0952613,-106.727803,,,,
880,Precarious Peak,13140,39.016773,-106.9621296,,,,
881,Miranda Peak,13340,37.151239,-105.1666627,,,,
882,Mariquita Peak,13281,37.2376933,-105.152797,,,,
883,De Anza Peak,13281,37.2241423,-105.1590357,,,,
884,Kiowa Peak,12979,40.0477893,-105.6244377,,,,
885,Mount Marcy,13442,38.1460792,-105.6762157,,,,
886,Lakes Peak,13291,38.1998078,-105.7269419,,,,
887,Mount Otto,12808,38.3274668,-105.8823489,,,,
888,Turner Peak,13123,38.819828,-106.3786886,,,,
889,Lambertson Peak,12923,38.9619192,-106.7541066,,,,
890,Tijeras Peak,13399,37.9243792,-105.5403514,,,,
891,Mount Maxwell,13146,37.2491585,-105.1535687,,,,
892,Harts Peak,12428,37.6922117,-107.9894404,,,,
893,Long Trek Mountain,12664,37.385925,-106.6801126,,,,
894,Cuatro Peak,13465,37.2584786,-105.1543781,,,,
895,Francisco Peak,13054,37.1823189,-105.1660234,,,,
896,Beaubien Peak,13127,37.1966389,-105.1663677,,,,
897,Mount Machebeuf,12651,39.7210886,-105.8568768,,,,
898,Mount Rhoda,13346,37.7657739,-107.6054125,,,,
899,Mount Poor,12402,38.6396878,-106.4011875,,,,
900,Mount Helmers,12812,38.6445033,-106.417603,,,,
901,Mount Oklahoma,13789,39.1786227,-106.5061727,,,,
902,Half Peak,13786,37.8641412,-107.4665664,,,,
903,The Spider,12343,39.7092122,-106.3128393,,,,
904,Pecks Peak,13235,38.9750267,-106.3618083,,,,
905,Napoleon Mountain,12454,38.6988511,-106.4645042,,,,
906,Gold Hill,11860,38.7118898,-106.4761282,,,,
907,Darley Mountain,13182,37.9827669,-107.5881045,,,,
908,Trappers Peak,11988,39.941579,-107.2505342,,,,
909,Little Marvine Peaks,11893,39.9830956,-107.3240789,,,,
910,Derby Peak,12133,39.9735892,-107.1253188,,,,
911,Sheep Mountain,12116,39.9225437,-107.1332681,,,,
912,Treasure Mountain,13488,39.0241946,-107.1226861,,,,
913,New York Mountain,12461,39.5083087,-106.6183791,,,,
914,Lone Cone,12533,37.8880251,-108.2557101,,,,
915,Ruffner Mountain,13074,38.0073949,-107.8830736,,,,
916,Iron Mountain,12608,37.9877649,-107.8661643,,,,
917,Middle Peak,13022,37.855238,-108.1125434,,,,
918,Cameron Peak,12083,40.624778,-105.8947235,,,,
919,Mummy Mountain,13330,40.4751891,-105.6236243,,,,
920,Terra Tomah Mountain,12667,40.3765138,-105.748437,,,,
921,Pagoda Mountain,13163,40.2493047,-105.6262588,,,,
922,Sawtooth Mountain,12251,40.1269906,-105.6254444,,,,
923,Chalk Mountain,12011,39.3706493,-106.2000242,,,,
924,Bald Eagle Mountain,11877,39.2519268,-106.4341193,,,,
925,Sievers Mountain,12690,39.1156323,-106.9449042,,,,
926,Smuggler Mountain,11896,39.1460602,-106.7315848,,,,
927,Mount Bethel,12621,39.7099144,-105.8785694,,,,
928,Sherman Mountain,12254,39.7197029,-105.7491623,,,,
929,Pendleton Mountain,12251,39.6823651,-105.7513848,,,,
930,Lenawee Mountain,13123,39.6299475,-105.8550197,,,,
931,Glacier Mountain,12323,39.562606,-105.8782922,,,,
932,Sheep Mountain,12477,39.4996071,-105.8796599,,,,
933,Endlich Mesa,12454,37.5140763,-107.5973787,,,,
934,Graham Peak,12438,37.497218,-107.3761543,,,,
935,Sheep Mountain,11801,38.7323149,-107.376207,,,,
936,Jarosa Mesa,12057,37.9258254,-107.2250431,,,,
937,Silver Mountain,13333,37.8770686,-107.8313584,,,,
938,Flattop Mountain,12093,37.7457377,-107.9482848,,,,
939,Graysill Mountain,12359,37.6759747,-107.8706358,,,,
940,North Eolus,13747,37.6254409,-107.6210325,,,,
941,West Silver Mesa,12569,37.5814736,-107.6281538,,,,
942,Calf Creek Plateau,12644,38.126227,-107.2070515,,,,
943,Sunshine Mountain,12923,38.0011143,-107.5118432,,,,
944,Double Top,12152,38.8866528,-106.8390035,,,,
945,Palmer Mesa,12320,37.8753797,-106.7059813,,,,
946,Snowshoe Mountain,11975,37.7498259,-106.9010481,,,,
947,Table Mountain,11903,37.9994623,-106.7711385,,,,
948,Handkerchief Mesa,11814,37.4905569,-106.6491972,,,,
949,Hogback Mesa,12257,37.5019108,-106.5770364,,,,
950,Little Baldy Mountain,12792,38.0032254,-105.5850182,,,,
951,Napoleon Peak,11831,37.3739753,-105.1687779,,,,
952,Mount Columbia,14075,38.9038441,-106.2974478,,,,
953,Mount Axtell,12018,38.8378919,-107.0366828,,,,
954,Tabeguache Peak,14158,38.6256209,-106.2506089,,,,
955,Crestone Needle,14196,37.9646991,-105.5767188,,,,
956,Crestone Peaks,13970,37.9668399,-105.5853471,,,,
957,Rowe Peak,13360,40.4904179,-105.6454193,,,,
958,Mount Democrat,14154,39.3394723,-106.1398604,,,,
959,Maroon Bells,14163,39.070673,-106.9888603,,,,
960,Mount Blue Sky,14268,39.5881224,-105.6437272,,,,
961,Sunshine Peak,14004,37.9227181,-107.4255595,,,,
962,Red Mountain,12743,37.978653,-107.3335503,,,,
963,Pikes Peak,14109,38.8405839,-105.0449035,,,,
964,Kit Carson Mountain,14167,37.9796989,-105.6026169,,,,
965,Little Bear Peak,14041,37.5665804,-105.4972025,,,,
966,Baker Mountain,12316,40.3815788,-105.9064798,,,,
967,Specimen Mountain,12346,40.4445688,-105.8085034,,,,
968,Thatchtop,12635,40.2791449,-105.6530498,,,,
969,Flattop Mountain,12300,40.3087194,-105.690079,,,,
970,Taylor Peak,13114,40.2746682,-105.6807858,,,,
971,Snowdrift Peak,12172,40.3103706,-105.7430317,,,,
972,Longs Peak,14259,40.2548614,-105.6162397,,,,
973,Storm Peak,13241,40.2655339,-105.6205485,,,,
974,Chiefs Head Peak,13435,40.2490788,-105.6411682,,,,
975,Tanima Peak,12306,40.2194067,-105.6610639,,,,
976,Ouzel Peak,12671,40.1856493,-105.6710414,,,,
977,Copeland Mountain,13058,40.1819398,-105.6463611,,,,
978,Thunderbolt Peak,11880,40.1073811,-105.6688818,,,,
979,Mount Albion,12536,40.0389004,-105.6170423,,,,
980,State Line Peak,12858,36.9962929,-105.2965133,,,,
981,Headwaters Hill,11808,38.3477709,-106.2530695,,,,
982,Atlantic Peak,13760,39.4136091,-106.1257999,,,,
983,La Garita Peak,13632,37.9177869,-106.8414447,,,,
984,Meridian Peak,12339,39.767562,-106.3850405,,,,
985,Columbia Point,13885,37.9790009,-105.5981187,,,,
986,Mount Jasper,12854,39.994655,-105.6831568,,,,
987,Mount Cosgriff,13550,39.097296,-106.4258507,,,,
988,Mount Blaurock,13553,39.0113478,-106.4537136,,,,
989,Ervin Peak,13389,39.0038147,-106.4385641,,,,
990,Chief Cheley Peak (not official),12648,40.3672065,-105.7741756,,,,
991,Cronin Peak,13698,38.6554103,-106.2834426,,,,
992,American Peak,13589,37.8994199,-107.5124755,,,,
993,Mount Mahler,12418,40.4715786,-105.9089858,,,,
994,Spanish Peaks,13524,37.3756226,-104.9936848,,,,
995,Spencer Peak,13005,37.7721823,-107.7028746,,,,
996,Braddock Peak,11946,40.4799772,-105.9129391,,,,
997,Hilliard Peak,13228,39.0242105,-106.9096509,,,,
998,Lavender Peak,13051,37.4415075,-108.0810183,,,,
999,Leahy Peak,13205,39.042016,-106.8380678,,,,
1000,Lomo Liso Mountain,13058,37.1718187,-105.1736048,,,,
1001,Kuss Peak,13537,39.2899746,-106.1816221,,,,
1002,Bridal Peak,13402,37.8777031,-107.7660133,,,,
1003,Buffalo Peaks,13287,38.9919922,-106.1244277,,,,
1004,Gannett Peak (not official),13110,39.18753,-106.475576,,,,
1005,Boskoff Peak,12999,37.855484,-108.0311094,,,,
1006,Fowler Peak,13294,37.856894,-108.0116894,,,,
